feature,importance
#MC,0.5313012052673858
#Pa,0.18281196300285182
LOC.2,0.15277387761852695
MCC,0.07554159280720767
#AF,0.051675693252468735
NBD,0.005895668051559096
